{
  "train_loss": [
    1.2448140086140047,
    1.106688481183843,
    1.0706296091674083,
    0.9480953530496599,
    0.8671294512207975,
    0.8258095346775252,
    0.804135068119857,
    0.7880785320558163,
    0.7715729352125188,
    0.7596464686116663,
    0.7541393636539928,
    0.7418725407335841,
    0.7372596064458523
  ],
  "train_acc": [
    0.7157919400187441,
    0.7581419868791003,
    0.7693298969072165,
    0.8207591377694471,
    0.8485238987816307,
    0.8587746016869728,
    0.8718369259606373,
    0.8767572633552015,
    0.8788659793814433,
    0.8843134957825679,
    0.8881208997188379,
    0.8884137769447048,
    0.8923969072164949
  ],
  "val_loss": [
    0.9772659671444995,
    0.9109117658181768,
    0.9127253782689868,
    0.7986586865896411,
    0.7774359769686735,
    0.7583387672604613,
    0.7505060746104365,
    0.7368868878231712,
    0.7344426179406655,
    0.7312926342633629,
    0.7367902966281075,
    0.7294808789469908,
    0.7206780105483275
  ],
  "val_acc": [
    0.817910447761194,
    0.8321724709784412,
    0.8454394693200663,
    0.876285240464345,
    0.8855721393034826,
    0.8786069651741294,
    0.8855721393034826,
    0.8849087893864013,
    0.8859038142620232,
    0.8786069651741294,
    0.8779436152570481,
    0.8786069651741294,
    0.8822553897180763
  ]
}